-- WARNING: This script will delete ALL data from the specified tables.
-- Use with extreme caution, especially in production environments.

-- Delete existing data from dependent tables first to avoid foreign key constraints
DELETE FROM user_reactions WHERE TRUE;
DELETE FROM reports WHERE TRUE;
DELETE FROM posts WHERE TRUE; -- Delete posts before categories/users
DELETE FROM category_moderators WHERE TRUE; -- Depends on users and categories
DELETE FROM category_follows WHERE TRUE; -- Depends on users and categories
DELETE FROM email_confirm_tokens WHERE TRUE; -- Depends on users
DELETE FROM avatars WHERE TRUE; -- Depends on users
DELETE FROM users_roles WHERE true; -- Depends on users and roles

-- Delete data from core tables
DELETE FROM roles WHERE true;
DELETE FROM categories WHERE TRUE;
DELETE FROM users WHERE true;

-- Reset sequences/identity columns if necessary (syntax varies by database, e.g., for PostgreSQL)
-- Setting sequences to start after the highest manually inserted ID + 1
SELECT setval('users_seq', 101, true); -- We are inserting up to user ID 100
SELECT setval('categories_id_seq', 1001, true); -- Assuming categories were up to 12, setting high for future
SELECT setval('user_reactions_id_seq', 101, true); -- Setting high after user IDs
SELECT setval('reports_id_seq', 101, true); -- Setting high after user IDs
SELECT setval('category_follows_id_seq', 501, true); -- Setting high after manual follows inserts
SELECT setval('category_moderators_id_seq', 201, true); -- Setting high after manual moderators inserts
SELECT setval('avatars_id_seq', 101, true); -- Setting high after avatar inserts
SELECT setval('posts_id_seq', 16, true); -- Original script inserted posts up to ID 15

-- Insert base roles
INSERT INTO roles (id, name) VALUES (1, 'ROLE_USER');
INSERT INTO roles (id, name) VALUES (2, 'ROLE_MODERATOR');

-- Insert 100 users (IDs 1 through 100)
INSERT INTO users (
    id, public_id, username, display_name, email, password, description,
    posts_count, received_likes_count, received_dislikes_count, user_rating,
    registration_date, last_updated_at, is_email_verified
) VALUES
      (1, 'user1_public_id', 'user1', 'User One', 'user1@example.com', 'password', 'Initial user 1 description', 0, 0, 0, 1, NOW(), NOW(), true),
      (2, 'user2_public_id', 'user2', 'User Two', 'user2@example.com', 'password', 'Initial user 2 description', 0, 0, 0, 1, NOW(), NOW(), true),
      (3, 'user3_public_id', 'user3', 'User Three', 'user3@example.com', 'password', 'Initial user 3 description', 0, 0, 0, 1, NOW(), NOW(), true),
      (4, 'user4_public_id', 'user4', 'User Four', 'user4@example.com', 'password', 'User 4 description', 0, 0, 0, 1, NOW(), NOW(), true),
      (5, 'user5_public_id', 'user5', 'User Five', 'user5@example.com', 'password', 'User 5 description', 0, 0, 0, 1, NOW(), NOW(), true),
      (6, 'user6_public_id', 'user6', 'User Six', 'user6@example.com', 'password', 'User 6 description', 0, 0, 0, 1, NOW(), NOW(), true),
      (7, 'user7_public_id', 'user7', 'User Seven', 'user7@example.com', 'password', 'User 7 description', 0, 0, 0, 1, NOW(), NOW(), true),
      (8, 'user8_public_id', 'user8', 'User Eight', 'user8@example.com', 'password', 'User 8 description', 0, 0, 0, 1, NOW(), NOW(), true),
      (9, 'user9_public_id', 'user9', 'User Nine', 'user9@example.com', 'password', 'User 9 description', 0, 0, 0, 1, NOW(), NOW(), true),
      (10, 'user10_public_id', 'user10', 'User Ten', 'user10@example.com', 'password', 'User 10 description', 0, 0, 0, 1, NOW(), NOW(), true),
      (11, 'user11_public_id', 'user11', 'User Eleven', 'user11@example.com', 'password', 'User 11 description', 0, 0, 0, 1, NOW(), NOW(), true),
      (12, 'user12_public_id', 'user12', 'User Twelve', 'user12@example.com', 'password', 'User 12 description', 0, 0, 0, 1, NOW(), NOW(), true),
      (13, 'user13_public_id', 'user13', 'User Thirteen', 'user13@example.com', 'password', 'User 13 description', 0, 0, 0, 1, NOW(), NOW(), true),
      -- Simple usernames (14-23)
      (14, 'user14_public_id', 'username14', 'User Fourteen', 'user14@example.com', 'password', 'This is user 14.', 0, 0, 0, 1, NOW(), NOW(), true),
      (15, 'user15_public_id', 'username15', 'User Fifteen', 'user15@example.com', 'password', 'This is user 15.', 0, 0, 0, 1, NOW(), NOW(), true),
      (16, 'user16_public_id', 'username16', 'User Sixteen', 'user16@example.com', 'password', 'This is user 16.', 0, 0, 0, 1, NOW(), NOW(), true),
      (17, 'user17_public_id', 'username17', 'User Seventeen', 'user17@example.com', 'password', 'This is user 17.', 0, 0, 0, 1, NOW(), NOW(), true),
      (18, 'user18_public_id', 'username18', 'User Eighteen', 'user18@example.com', 'password', 'This is user 18.', 0, 0, 0, 1, NOW(), NOW(), true),
      (19, 'user19_public_id', 'username19', 'User Nineteen', 'user19@example.com', 'password', 'This is user 19.', 0, 0, 0, 1, NOW(), NOW(), true),
      (20, 'user20_public_id', 'username20', 'User Twenty', 'user20@example.com', 'password', 'This is user 20.', 0, 0, 0, 1, NOW(), NOW(), true),
      (21, 'user21_public_id', 'username21', 'User Twenty-One', 'user21@example.com', 'password', 'This is user 21.', 0, 0, 0, 1, NOW(), NOW(), true),
      (22, 'user22_public_id', 'username22', 'User Twenty-Two', 'user22@example.com', 'password', 'This is user 22.', 0, 0, 0, 1, NOW(), NOW(), true),
      (23, 'user23_public_id', 'username23', 'User Twenty-Three', 'user23@example.com', 'password', 'This is user 23.', 0, 0, 0, 1, NOW(), NOW(), true),
      -- More real-like usernames (24-100) - Generating a variety
      (24, 'user24_public_id', 'alex_johnson', 'Alex Johnson', 'alex.johnson@example.com', 'password', 'Enthusiast of technology and gaming.', 0, 0, 0, 1, NOW(), NOW(), true),
      (25, 'user25_public_id', 'maria_gonzalez', 'Maria Gonzalez', 'maria.g@example.com', 'password', 'Passionate about science and art.', 0, 0, 0, 1, NOW(), NOW(), true),
      (26, 'user26_public_id', 'david_lee', 'David Lee', 'david.lee@example.com', 'password', 'Coding and music lover.', 0, 0, 0, 1, NOW(), NOW(), true),
      (27, 'user27_public_id', 'sophia_wang', 'Sophia Wang', 'sophiaw@example.com', 'password', 'Into movies, TV shows, and books.', 0, 0, 0, 1, NOW(), NOW(), true),
      (28, 'user28_public_id', 'chris_brown', 'Chris Brown', 'chrisb@example.com', 'password', 'Foodie and travel enthusiast.', 0, 0, 0, 1, NOW(), NOW(), true),
      (29, 'user29_public_id', 'olivia_davis', 'Olivia Davis', 'oliviad@example.com', 'password', 'Sports and health buff.', 0, 0, 0, 1, NOW(), NOW(), true),
      (30, 'user30_public_id', 'ethan_wilson', 'Ethan Wilson', 'ethanw@example.com', 'password', 'Exploring the world of programming.', 0, 0, 0, 1, NOW(), NOW(), true),
      (31, 'user31_public_id', 'ava_taylor', 'Ava Taylor', 'avat@example.com', 'password', 'Digital art and photography.', 0, 0, 0, 1, NOW(), NOW(), true),
      (32, 'user32_public_id', 'noah_martin', 'Noah Martin', 'noahm@example.com', 'password', 'Music composition and theory.', 0, 0, 0, 1, NOW(), NOW(), true),
      (33, 'user33_public_id', 'isabella_garcia', 'Isabella Garcia', 'isabellag@example.com', 'password', 'Film critique and analysis.', 0, 0, 0, 1, NOW(), NOW(), true),
      (34, 'user34_public_id', 'liam_rodriguez', 'Liam Rodriguez', 'liamr@example.com', 'password', 'Reading fantasy and sci-fi.', 0, 0, 0, 1, NOW(), NOW(), true),
      (35, 'user35_public_id', 'mia_martinez', 'Mia Martinez', 'miam@example.com', 'password', 'Experimenting with new recipes.', 0, 0, 0, 1, NOW(), NOW(), true),
      (36, 'user36_public_id', 'james_hernandez', 'James Hernandez', 'jamesh@example.com', 'password', 'Sharing travel experiences.', 0, 0, 0, 1, NOW(), NOW(), true),
      (37, 'user37_public_id', 'charlotte_lopez', 'Charlotte Lopez', 'charlottel@example.com', 'password', 'Interested in competitive sports.', 0, 0, 0, 1, NOW(), NOW(), true),
      (38, 'user38_public_id', 'benjamin_gonzalez', 'Benjamin Gonzalez', 'benjaming@example.com', 'password', 'Focusing on mental health.', 0, 0, 0, 1, NOW(), NOW(), true),
      (39, 'user39_public_id', 'amelia_perez', 'Amelia Perez', 'ameliap@example.com', 'password', 'Latest trends in web development.', 0, 0, 0, 1, NOW(), NOW(), true),
      (40, 'user40_public_id', 'lucas_sanchez', 'Lucas Sanchez', 'lucass@example.com', 'password', 'Discussing gaming strategies.', 0, 0, 0, 1, NOW(), NOW(), true),
      (41, 'user41_public_id', 'harper_rivera', 'Harper Rivera', 'harperr@example.com', 'password', 'The wonders of space exploration.', 0, 0, 0, 1, NOW(), NOW(), true),
      (42, 'user42_public_id', 'evelyn_jackson', 'Evelyn Jackson', 'evelynj@example.com', 'password', 'Building useful software.', 0, 0, 0, 1, NOW(), NOW(), true),
      (43, 'user43_public_id', 'daniel_chen', 'Daniel Chen', 'danielc@example.com', 'password', 'Exploring different art mediums.', 0, 0, 0, 1, NOW(), NOW(), true),
      (44, 'user44_public_id', 'abigail_kim', 'Abigail Kim', 'abigailk@example.com', 'password', 'Discovering new musical artists.', 0, 0, 0, 1, NOW(), NOW(), true),
      (45, 'user45_public_id', 'matthew_nguyen', 'Matthew Nguyen', 'matthewn@example.com', 'password', 'Debating film theories.', 0, 0, 0, 1, NOW(), NOW(), true),
      (46, 'user46_public_id', 'elizabeth_scott', 'Elizabeth Scott', 'elizabeths@example.com', 'password', 'Historical fiction reader.', 0, 0, 0, 1, NOW(), NOW(), true),
      (47, 'user47_public_id', 'joseph_torres', 'Joseph Torres', 'josepht@example.com', 'password', 'Culinary adventures at home.', 0, 0, 0, 1, NOW(), NOW(), true),
      (48, 'user48_public_id', 'sofia_flores', 'Sofia Flores', 'sofiaf@example.com', 'password', 'Budget travel tips.', 0, 0, 0, 1, NOW(), NOW(), true),
      (49, 'user49_public_id', 'samuel_ramirez', 'Samuel Ramirez', 'samuelr@example.com', 'password', 'Training for a triathlon.', 0, 0, 0, 1, NOW(), NOW(), true),
      (50, 'user50_public_id', 'ella_morales', 'Ella Morales', 'ellam@example.com', 'password', 'Yoga and meditation practitioner.', 0, 0, 0, 1, NOW(), NOW(), true),
      (51, 'user51_public_id', 'carter_jones', 'Carter Jones', 'carterj@example.com', 'password', 'Artificial intelligence research.', 0, 0, 0, 1, NOW(), NOW(), true),
      (52, 'user52_public_id', 'scarlett_lopez', 'Scarlett Lopez', 'scarlettl@example.com', 'password', 'Mobile gaming fan.', 0, 0, 0, 1, NOW(), NOW(), true),
      (53, 'user53_public_id', 'wyatt_hernandez', 'Wyatt Hernandez', 'wyatth@example.com', 'password', 'Exploring quantum physics.', 0, 0, 0, 1, NOW(), NOW(), true),
      (54, 'user54_public_id', 'grace_king', 'Grace King', 'gracek@example.com', 'password', 'Learning new programming languages.', 0, 0, 0, 1, NOW(), NOW(), true),
      (55, 'user55_public_id', 'leo_wright', 'Leo Wright', 'leow@example.com', 'password', 'Abstract art appreciation.', 0, 0, 0, 1, NOW(), NOW(), true),
      (56, 'user56_public_id', 'chloe_scott', 'Chloe Scott', 'chloes@example.com', 'password', 'Jazz music enthusiast.', 0, 0, 0, 1, NOW(), NOW(), true),
      (57, 'user57_public_id', 'jackson_green', 'Jackson Green', 'jacksong@example.com', 'password', 'Discussing documentaries.', 0, 0, 0, 1, NOW(), NOW(), true),
      (58, 'user58_public_id', 'penelope_adams', 'Penelope Adams', 'penelopea@example.com', 'password', 'Classic literature discussions.', 0, 0, 0, 1, NOW(), NOW(), true),
      (59, 'user59_public_id', 'sebastian_baker', 'Sebastian Baker', 'sebastianb@example.com', 'password', 'Baking pastries.', 0, 0, 0, 1, NOW(), NOW(), true),
      (60, 'user60_public_id', 'riley_nelson', 'Riley Nelson', 'rileyn@example.com', 'password', 'Solo travel adventures.', 0, 0, 0, 1, NOW(), NOW(), true),
      (61, 'user61_public_id', 'avery_carter', 'Avery Carter', 'averyc@example.com', 'password', 'Following major sports leagues.', 0, 0, 0, 1, NOW(), NOW(), true),
      (62, 'user62_public_id', 'kai_mitchell', 'Kai Mitchell', 'kaim@example.com', 'password', 'Holistic health practices.', 0, 0, 0, 1, NOW(), NOW(), true),
      (63, 'user63_public_id', 'nora_perez', 'Nora Perez', 'norap@example.com', 'password', 'Cybersecurity topics.', 0, 0, 0, 1, NOW(), NOW(), true),
      (64, 'user64_public_id', 'luke_roberts', 'Luke Roberts', 'luker@example.com', 'password', 'Indie game development.', 0, 0, 0, 1, NOW(), NOW(), true),
      (65, 'user65_public_id', 'mila_turner', 'Mila Turner', 'milat@example.com', 'password', 'Environmental science.', 0, 0, 0, 1, NOW(), NOW(), true),
      (66, 'user66_public_id', 'mason_phillips', 'Mason Phillips', 'masonp@example.com', 'password', 'Backend development.', 0, 0, 0, 1, NOW(), NOW(), true),
      (67, 'user67_public_id', 'layla_campbell', 'Layla Campbell', 'laylac@example.com', 'password', 'Abstract expressionism.', 0, 0, 0, 1, NOW(), NOW(), true),
      (68, 'user68_public_id', 'aidan_parker', 'Aidan Parker', 'aidanp@example.com', 'password', 'Rock music history.', 0, 0, 0, 1, NOW(), NOW(), true),
      (69, 'user69_public_id', 'zoe_evans', 'Zoe Evans', 'zoee@example.com', 'password', 'Animation film fan.', 0, 0, 0, 1, NOW(), NOW(), true),
      (70, 'user70_public_id', 'grayson_edwards', 'Grayson Edwards', 'graysone@example.com', 'password', 'Philosophy and literature.', 0, 0, 0, 1, NOW(), NOW(), true),
      (71, 'user71_public_id', 'lily_stewart', 'Lily Stewart', 'lilys@example.com', 'password', 'Vegan cooking.', 0, 0, 0, 1, NOW(), NOW(), true),
      (72, 'user72_public_id', 'isaac_gonzalez', 'Isaac Gonzalez', 'isaacg@example.com', 'password', 'Hiking and camping.', 0, 0, 0, 1, NOW(), NOW(), true),
      (73, 'user73_public_id', 'aurora_perez', 'Aurora Perez', 'aurorap@example.com', 'password', 'Yoga instructor.', 0, 0, 0, 1, NOW(), NOW(), true),
      (74, 'user74_public_id', 'gabriel_sanchez', 'Gabriel Sanchez', 'gabriels@example.com', 'password', 'Machine learning applications.', 0, 0, 0, 1, NOW(), NOW(), true),
      (75, 'user75_public_id', 'violet_ramirez', 'Violet Ramirez', 'violetr@example.com', 'password', 'Online gaming communities.', 0, 0, 0, 1, NOW(), NOW(), true),
      (76, 'user76_public_id', 'owen_lopez', 'Owen Lopez', 'owenl@example.com', 'password', 'Astrophysics topics.', 0, 0, 0, 1, NOW(), NOW(), true),
      (77, 'user77_public_id', 'natalie_hernandez', 'Natalie Hernandez', 'natalieh@example.com', 'password', 'Frontend development.', 0, 0, 0, 1, NOW(), NOW(), true),
      (78, 'user78_public_id', 'leo_gonzalez', 'Leo Gonzalez', 'leog@example.com', 'password', 'Street art appreciation.', 0, 0, 0, 1, NOW(), NOW(), true),
      (79, 'user79_public_id', 'sophie_martinez', 'Sophie Martinez', 'sophiem@example.com', 'password', 'Electronic music scene.', 0, 0, 0, 1, NOW(), NOW(), true),
      (80, 'user80_public_id', 'ryan_wilson', 'Ryan Wilson', 'ryanw@example.com', 'password', 'Action movie fan.', 0, 0, 0, 1, NOW(), NOW(), true),
      (81, 'user81_public_id', 'claire_taylor', 'Claire Taylor', 'clairet@example.com', 'password', 'Mystery novel reader.', 0, 0, 0, 1, NOW(), NOW(), true),
      (82, 'user82_public_id', 'nathan_brown', 'Nathan Brown', 'nathanb@example.com', 'password', 'Grilling and BBQ tips.', 0, 0, 0, 1, NOW(), NOW(), true),
      (83, 'user83_public_id', 'bella_davis', 'Bella Davis', 'bellad@example.com', 'password', 'Exploring national parks.', 0, 0, 0, 1, NOW(), NOW(), true),
      (84, 'user84_public_id', 'caleb_miller', 'Caleb Miller', 'calebm@example.com', 'password', 'Running enthusiast.', 0, 0, 0, 1, NOW(), NOW(), true),
      (85, 'user85_public_id', 'scarlett_garcia', 'Scarlett Garcia', 'scarlettg@example.com', 'password', 'Nutrition and diet.', 0, 0, 0, 1, NOW(), NOW(), true),
      (86, 'user86_public_id', 'ezra_rodriguez', 'Ezra Rodriguez', 'ezrar@example.com', 'password', 'Data science topics.', 0, 0, 0, 1, NOW(), NOW(), true),
      (87, 'user87_public_id', 'lillian_martin', 'Lillian Martin', 'lillianm@example.com', 'password', 'Casual gamer.', 0, 0, 0, 1, NOW(), NOW(), true),
      (88, 'user88_public_id', 'andrew_lopez', 'Andrew Lopez', 'andrewl@example.com', 'password', 'Biology and genetics.', 0, 0, 0, 1, NOW(), NOW(), true),
      (89, 'user89_public_id', 'adriana_perez', 'Adriana Perez', 'adrianap@example.com', 'password', 'Mobile app development.', 0, 0, 0, 1, NOW(), NOW(), true),
      (90, 'user90_public_id', 'jackson_sanchez', 'Jackson Sanchez', 'jacksons@example.com', 'password', 'Traditional art techniques.', 0, 0, 0, 1, NOW(), NOW(), true),
      (91, 'user91_public_id', 'maya_ramirez', 'Maya Ramirez', 'mayar@example.com', 'password', 'Indie music discoveries.', 0, 0, 0, 1, NOW(), NOW(), true),
      (92, 'user92_public_id', 'luke_hernandez', 'Luke Hernandez', 'lukeh@example.com', 'password', 'TV series binge-watcher.', 0, 0, 0, 1, NOW(), NOW(), true),
      (93, 'user93_public_id', 'zoey_gonzalez', 'Zoey Gonzalez', 'zoeyg@example.com', 'password', 'Young adult fiction.', 0, 0, 0, 1, NOW(), NOW(), true),
      (94, 'user94_public_id', 'thomas_martinez', 'Thomas Martinez', 'thomasm@example.com', 'password', 'Exploring world cuisines.', 0, 0, 0, 1, NOW(), NOW(), true),
      (95, 'user95_public_id', 'savannah_lopez', 'Savannah Lopez', 'savannahl@example.com', 'password', 'Road trip adventures.', 0, 0, 0, 1, NOW(), NOW(), true),
      (96, 'user96_public_id', 'charles_perez', 'Charles Perez', 'charlesp@example.com', 'password', 'Weightlifting enthusiast.', 0, 0, 0, 1, NOW(), NOW(), true),
      (97, 'user97_public_id', 'amelia_sanchez', 'Amelia Sanchez', 'amelias@example.com', 'password', 'Mind-body connection.', 0, 0, 0, 1, NOW(), NOW(), true),
      (98, 'user98_public_id', 'ryan_ramirez', 'Ryan Ramirez', 'ryanr@example.com', 'password', 'Latest in AI ethics.', 0, 0, 0, 1, NOW(), NOW(), true),
      (99, 'user99_public_id', 'victoria_hernandez', 'Victoria Hernandez', 'victoriah@example.com', 'password', 'Strategy game player.', 0, 0, 0, 1, NOW(), NOW(), true),
      (100, 'user100_public_id', 'daniel_gonzalez', 'Daniel Gonzalez', 'danielg@example.com', 'password', 'Exploring marine biology.', 0, 0, 0, 1, NOW(), NOW(), true);


-- Insert avatars for users 4 through 100 into the avatars table
-- Reusing the provided URLs and cycling through them for the new users
INSERT INTO avatars (url, user_id) VALUES
                                       ('https://forum-category-banners.s3.us-east-1.amazonaws.com/67653e66-6a5f-4761-b761-035d5c13d503', 4),
                                       ('https://forum-category-banners.s3.us-east-1.amazonaws.com/maria-orlova-Q3Ea7QQQ6MA-unsplash.jpg', 5),
                                       ('https://forum-category-banners.s3.us-east-1.amazonaws.com/hannah-montez-05KFkDsxDjk-unsplash.jpg', 6),
                                       ('https://forum-category-banners.s3.us-east-1.amazonaws.com/codioful-formerly-gradienta-JehF_vdbUo4-unsplash.jpg', 7),
                                       ('https://forum-category-banners.s3.us-east-1.amazonaws.com/pexels-pixabay-531880.jpg', 8),
                                       ('https://forum-category-banners.s3.us-east-1.amazonaws.com/67653e66-6a5f-4761-b761-035d5c13d503', 9),
                                       ('https://forum-category-banners.s3.us-east-1.amazonaws.com/maria-orlova-Q3Ea7QQQ6MA-unsplash.jpg', 10),
                                       ('https://forum-category-banners.s3.us-east-1.amazonaws.com/hannah-montez-05KFkDsxDjk-unsplash.jpg', 11),
                                       ('https://forum-category-banners.s3.us-east-1.amazonaws.com/codioful-formerly-gradienta-JehF_vdbUo4-unsplash.jpg', 12),
                                       ('https://forum-category-banners.s3.us-east-1.amazonaws.com/pexels-pixabay-531880.jpg', 13),
                                       -- Avatars for new users 14-100 (cycling through 5 URLs)
                                       ('https://forum-category-banners.s3.us-east-1.amazonaws.com/67653e66-6a5f-4761-b761-035d5c13d503', 14),
                                       ('https://forum-category-banners.s3.us-east-1.amazonaws.com/maria-orlova-Q3Ea7QQQ6MA-unsplash.jpg', 15),
                                       ('https://forum-category-banners.s3.us-east-1.amazonaws.com/hannah-montez-05KFkDsxDjk-unsplash.jpg', 16),
                                       ('https://forum-category-banners.s3.us-east-1.amazonaws.com/codioful-formerly-gradienta-JehF_vdbUo4-unsplash.jpg', 17),
                                       ('https://forum-category-banners.s3.us-east-1.amazonaws.com/pexels-pixabay-531880.jpg', 18),
                                       ('https://forum-category-banners.s3.us-east-1.amazonaws.com/67653e66-6a5f-4761-b761-035d5c13d503', 19),
                                       ('https://forum-category-banners.s3.us-east-1.amazonaws.com/maria-orlova-Q3Ea7QQQ6MA-unsplash.jpg', 20),
                                       ('https://forum-category-banners.s3.us-east-1.amazonaws.com/hannah-montez-05KFkDsxDjk-unsplash.jpg', 21),
                                       ('https://forum-category-banners.s3.us-east-1.amazonaws.com/codioful-formerly-gradienta-JehF_vdbUo4-unsplash.jpg', 22),
                                       ('https://forum-category-banners.s3.us-east-1.amazonaws.com/pexels-pixabay-531880.jpg', 23),
                                       ('https://forum-category-banners.s3.us-east-1.amazonaws.com/67653e66-6a5f-4761-b761-035d5c13d503', 24),
                                       ('https://forum-category-banners.s3.us-east-1.amazonaws.com/maria-orlova-Q3Ea7QQQ6MA-unsplash.jpg', 25),
                                       ('https://forum-category-banners.s3.us-east-1.amazonaws.com/hannah-montez-05KFkDsxDjk-unsplash.jpg', 26),
                                       ('https://forum-category-banners.s3.us-east-1.amazonaws.com/codioful-formerly-gradienta-JehF_vdbUo4-unsplash.jpg', 27),
                                       ('https://forum-category-banners.s3.us-east-1.amazonaws.com/pexels-pixabay-531880.jpg', 28),
                                       ('https://forum-category-banners.s3.us-east-1.amazonaws.com/67653e66-6a5f-4761-b761-035d5c13d503', 29),
                                       ('https://forum-category-banners.s3.us-east-1.amazonaws.com/maria-orlova-Q3Ea7QQQ6MA-unsplash.jpg', 30),
                                       ('https://forum-category-banners.s3.us-east-1.amazonaws.com/hannah-montez-05KFkDsxDjk-unsplash.jpg', 31),
                                       ('https://forum-category-banners.s3.us-east-1.amazonaws.com/codioful-formerly-gradienta-JehF_vdbUo4-unsplash.jpg', 32),
                                       ('https://forum-category-banners.s3.us-east-1.amazonaws.com/pexels-pixabay-531880.jpg', 33),
                                       ('https://forum-category-banners.s3.us-east-1.amazonaws.com/67653e66-6a5f-4761-b761-035d5c13d503', 34),
                                       ('https://forum-category-banners.s3.us-east-1.amazonaws.com/maria-orlova-Q3Ea7QQQ6MA-unsplash.jpg', 35),
                                       ('https://forum-category-banners.s3.us-east-1.amazonaws.com/hannah-montez-05KFkDsxDjk-unsplash.jpg', 36),
                                       ('https://forum-category-banners.s3.us-east-1.amazonaws.com/codioful-formerly-gradienta-JehF_vdbUo4-unsplash.jpg', 37),
                                       ('https://forum-category-banners.s3.us-east-1.amazonaws.com/pexels-pixabay-531880.jpg', 38),
                                       ('https://forum-category-banners.s3.us-east-1.amazonaws.com/67653e66-6a5f-4761-b761-035d5c13d503', 39),
                                       ('https://forum-category-banners.s3.us-east-1.amazonaws.com/maria-orlova-Q3Ea7QQQ6MA-unsplash.jpg', 40),
                                       ('https://forum-category-banners.s3.us-east-1.amazonaws.com/hannah-montez-05KFkDsxDjk-unsplash.jpg', 41),
                                       ('https://forum-category-banners.s3.us-east-1.amazonaws.com/codioful-formerly-gradienta-JehF_vdbUo4-unsplash.jpg', 42),
                                       ('https://forum-category-banners.s3.us-east-1.amazonaws.com/pexels-pixabay-531880.jpg', 43),
                                       ('https://forum-category-banners.s3.us-east-1.amazonaws.com/67653e66-6a5f-4761-b761-035d5c13d503', 44),
                                       ('https://forum-category-banners.s3.us-east-1.amazonaws.com/maria-orlova-Q3Ea7QQQ6MA-unsplash.jpg', 45),
                                       ('https://forum-category-banners.s3.us-east-1.amazonaws.com/hannah-montez-05KFkDsxDjk-unsplash.jpg', 46),
                                       ('https://forum-category-banners.s3.us-east-1.amazonaws.com/codioful-formerly-gradienta-JehF_vdbUo4-unsplash.jpg', 47),
                                       ('https://forum-category-banners.s3.us-east-1.amazonaws.com/pexels-pixabay-531880.jpg', 48),
                                       ('https://forum-category-banners.s3.us-east-1.amazonaws.com/67653e66-6a5f-4761-b761-035d5c13d503', 49),
                                       ('https://forum-category-banners.s3.us-east-1.amazonaws.com/maria-orlova-Q3Ea7QQQ6MA-unsplash.jpg', 50),
                                       ('https://forum-category-banners.s3.us-east-1.amazonaws.com/hannah-montez-05KFkDsxDjk-unsplash.jpg', 51),
                                       ('https://forum-category-banners.s3.us-east-1.amazonaws.com/codioful-formerly-gradienta-JehF_vdbUo4-unsplash.jpg', 52),
                                       ('https://forum-category-banners.s3.us-east-1.amazonaws.com/pexels-pixabay-531880.jpg', 53),
                                       ('https://forum-category-banners.s3.us-east-1.amazonaws.com/67653e66-6a5f-4761-b761-035d5c13d503', 54),
                                       ('https://forum-category-banners.s3.us-east-1.amazonaws.com/maria-orlova-Q3Ea7QQQ6MA-unsplash.jpg', 55),
                                       ('https://forum-category-banners.s3.us-east-1.amazonaws.com/hannah-montez-05KFkDsxDjk-unsplash.jpg', 56),
                                       ('https://forum-category-banners.s3.us-east-1.amazonaws.com/codioful-formerly-gradienta-JehF_vdbUo4-unsplash.jpg', 57),
                                       ('https://forum-category-banners.s3.us-east-1.amazonaws.com/pexels-pixabay-531880.jpg', 58),
                                       ('https://forum-category-banners.s3.us-east-1.amazonaws.com/67653e66-6a5f-4761-b761-035d5c13d503', 59),
                                       ('https://forum-category-banners.s3.us-east-1.amazonaws.com/maria-orlova-Q3Ea7QQQ6MA-unsplash.jpg', 60),
                                       ('https://forum-category-banners.s3.us-east-1.amazonaws.com/hannah-montez-05KFkDsxDjk-unsplash.jpg', 61),
                                       ('https://forum-category-banners.s3.us-east-1.amazonaws.com/codioful-formerly-gradienta-JehF_vdbUo4-unsplash.jpg', 62),
                                       ('https://forum-category-banners.s3.us-east-1.amazonaws.com/pexels-pixabay-531880.jpg', 63),
                                       ('https://forum-category-banners.s3.us-east-1.amazonaws.com/67653e66-6a5f-4761-b761-035d5c13d503', 64),
                                       ('https://forum-category-banners.s3.us-east-1.amazonaws.com/maria-orlova-Q3Ea7QQQ6MA-unsplash.jpg', 65),
                                       ('https://forum-category-banners.s3.us-east-1.amazonaws.com/hannah-montez-05KFkDsxDjk-unsplash.jpg', 66),
                                       ('https://forum-category-banners.s3.us-east-1.amazonaws.com/codioful-formerly-gradienta-JehF_vdbUo4-unsplash.jpg', 67),
                                       ('https://forum-category-banners.s3.us-east-1.amazonaws.com/pexels-pixabay-531880.jpg', 68),
                                       ('https://forum-category-banners.s3.us-east-1.amazonaws.com/67653e66-6a5f-4761-b761-035d5c13d503', 69),
                                       ('https://forum-category-banners.s3.us-east-1.amazonaws.com/maria-orlova-Q3Ea7QQQ6MA-unsplash.jpg', 70),
                                       ('https://forum-category-banners.s3.us-east-1.amazonaws.com/hannah-montez-05KFkDsxDjk-unsplash.jpg', 71),
                                       ('https://forum-category-banners.s3.us-east-1.amazonaws.com/codioful-formerly-gradienta-JehF_vdbUo4-unsplash.jpg', 72),
                                       ('https://forum-category-banners.s3.us-east-1.amazonaws.com/pexels-pixabay-531880.jpg', 73),
                                       ('https://forum-category-banners.s3.us-east-1.amazonaws.com/67653e66-6a5f-4761-b761-035d5c13d503', 74),
                                       ('https://forum-category-banners.s3.us-east-1.amazonaws.com/maria-orlova-Q3Ea7QQQ6MA-unsplash.jpg', 75),
                                       ('https://forum-category-banners.s3.us-east-1.amazonaws.com/hannah-montez-05KFkDsxDjk-unsplash.jpg', 76),
                                       ('https://forum-category-banners.s3.us-east-1.amazonaws.com/codioful-formerly-gradienta-JehF_vdbUo4-unsplash.jpg', 77),
                                       ('https://forum-category-banners.s3.us-east-1.amazonaws.com/pexels-pixabay-531880.jpg', 78),
                                       ('https://forum-category-banners.s3.us-east-1.amazonaws.com/67653e66-6a5f-4761-b761-035d5c13d503', 79),
                                       ('https://forum-category-banners.s3.us-east-1.amazonaws.com/maria-orlova-Q3Ea7QQQ6MA-unsplash.jpg', 80),
                                       ('https://forum-category-banners.s3.us-east-1.amazonaws.com/hannah-montez-05KFkDsxDjk-unsplash.jpg', 81),
                                       ('https://forum-category-banners.s3.us-east-1.amazonaws.com/codioful-formerly-gradienta-JehF_vdbUo4-unsplash.jpg', 82),
                                       ('https://forum-category-banners.s3.us-east-1.amazonaws.com/pexels-pixabay-531880.jpg', 83),
                                       ('https://forum-category-banners.s3.us-east-1.amazonaws.com/67653e66-6a5f-4761-b761-035d5c13d503', 84),
                                       ('https://forum-category-banners.s3.us-east-1.amazonaws.com/maria-orlova-Q3Ea7QQQ6MA-unsplash.jpg', 85),
                                       ('https://forum-category-banners.s3.us-east-1.amazonaws.com/hannah-montez-05KFkDsxDjk-unsplash.jpg', 86),
                                       ('https://forum-category-banners.s3.us-east-1.amazonaws.com/codioful-formerly-gradienta-JehF_vdbUo4-unsplash.jpg', 87),
                                       ('https://forum-category-banners.s3.us-east-1.amazonaws.com/pexels-pixabay-531880.jpg', 88),
                                       ('https://forum-category-banners.s3.us-east-1.amazonaws.com/67653e66-6a5f-4761-b761-035d5c13d503', 89),
                                       ('https://forum-category-banners.s3.us-east-1.amazonaws.com/maria-orlova-Q3Ea7QQQ6MA-unsplash.jpg', 90),
                                       ('https://forum-category-banners.s3.us-east-1.amazonaws.com/hannah-montez-05KFkDsxDjk-unsplash.jpg', 91),
                                       ('https://forum-category-banners.s3.us-east-1.amazonaws.com/codioful-formerly-gradienta-JehF_vdbUo4-unsplash.jpg', 92),
                                       ('https://forum-category-banners.s3.us-east-1.amazonaws.com/pexels-pixabay-531880.jpg', 93),
                                       ('https://forum-category-banners.s3.us-east-1.amazonaws.com/67653e66-6a5f-4761-b761-035d5c13d503', 94),
                                       ('https://forum-category-banners.s3.us-east-1.amazonaws.com/maria-orlova-Q3Ea7QQQ6MA-unsplash.jpg', 95),
                                       ('https://forum-category-banners.s3.us-east-1.amazonaws.com/hannah-montez-05KFkDsxDjk-unsplash.jpg', 96),
                                       ('https://forum-category-banners.s3.us-east-1.amazonaws.com/codioful-formerly-gradienta-JehF_vdbUo4-unsplash.jpg', 97),
                                       ('https://forum-category-banners.s3.us-east-1.amazonaws.com/pexels-pixabay-531880.jpg', 98),
                                       ('https://forum-category-banners.s3.us-east-1.amazonaws.com/67653e66-6a5f-4761-b761-035d5c13d503', 99),
                                       ('https://forum-category-banners.s3.us-east-1.amazonaws.com/maria-orlova-Q3Ea7QQQ6MA-unsplash.jpg', 100);


-- Assign roles to users (ROLE_USER for all, ROLE_MODERATOR for some)
INSERT INTO users_roles (user_id, role_id) VALUES
                                               (1, 1), (1, 2), -- user1 is USER and MODERATOR
                                               (2, 1), (2, 2), -- user2 is USER and MODERATOR
                                               (3, 1), -- user3 is USER
                                               (4, 1), (5, 1), (6, 1), (7, 1), (8, 1), (9, 1), (10, 1), (11, 1), (12, 1), (13, 1), -- Original 4-13 are USER
                                               -- New users 14-100 are USER
                                               (14, 1), (15, 1), (16, 1), (17, 1), (18, 1), (19, 1), (20, 1), (21, 1), (22, 1), (23, 1),
                                               (24, 1), (25, 1), (26, 1), (27, 1), (28, 1), (29, 1), (30, 1), (31, 1), (32, 1), (33, 1), (34, 1), (35, 1), (36, 1), (37, 1), (38, 1), (39, 1), (40, 1), (41, 1), (42, 1), (43, 1), (44, 1), (45, 1), (46, 1), (47, 1), (48, 1), (49, 1), (50, 1),
                                               (51, 1), (52, 1), (53, 1), (54, 1), (55, 1), (56, 1), (57, 1), (58, 1), (59, 1), (60, 1), (61, 1), (62, 1), (63, 1), (64, 1), (65, 1), (66, 1), (67, 1), (68, 1), (69, 1), (70, 1), (71, 1), (72, 1), (73, 1), (74, 1), (75, 1), (76, 1), (77, 1), (78, 1), (79, 1), (80, 1),
                                               (81, 1), (82, 1), (83, 1), (84, 1), (85, 1), (86, 1), (87, 1), (88, 1), (89, 1), (90, 1), (91, 1), (92, 1), (93, 1), (94, 1), (95, 1), (96, 1), (97, 1), (98, 1), (99, 1), (100, 1),
                                               -- Some new users are also MODERATOR
                                               (14, 2), (24, 2), (35, 2), (46, 2), (57, 2), (68, 2), (79, 2), (90, 2);


-- Categories (IDs 1 through 12) - Keeping original
INSERT INTO categories (id, name, slug, visibility, post_permission, description, banner_url, icon_url, followers_count, created_by, created_at, updated_at)
VALUES
    (1, 'Technology', 'technology', 'PUBLIC', 'EVERYONE', 'All things tech-related.', 'https://forum-category-banners.s3.us-east-1.amazonaws.com/codioful-formerly-gradienta-rKv4HduvzIE-unsplash.jpg', 'https://forum-category-banners.s3.us-east-1.amazonaws.com/19444b9f-36ba-486a-bbc3-f98f1b88680c', 120, 1, CURRENT_TIMESTAMP, CURRENT_TIMESTAMP),
    (2, 'Gaming', 'gaming', 'PUBLIC', 'EVERYONE', 'Discussion on all types of games and platforms.', 'https://forum-category-banners.s3.us-east-1.amazonaws.com/will-turner-KPCXuBucEps-unsplash.jpg', 'https://forum-category-banners.s3.us-east-1.amazonaws.com/3075534d-7162-4a6b-846a-9b485c7dbe7a', 200, 2, CURRENT_TIMESTAMP, CURRENT_TIMESTAMP),
    (3, 'Science', 'science', 'PUBLIC', 'MODS_ONLY', 'For scientific discoveries, debates, and learning.', 'https://forum-category-banners.s3.us-east-1.amazonaws.com/tianshu-liu-aqZ3UAjs_M4-unsplash.jpg', 'https://forum-category-banners.s3.us-east-1.amazonaws.com/5929160_avatar_doctor_hospital_man_medical_icon.png', 90, 1, CURRENT_TIMESTAMP, CURRENT_TIMESTAMP),
    (4, 'Programming', 'programming', 'PRIVATE', 'MODS_ONLY', 'A private space for developers.', 'https://forum-category-banners.s3.us-east-1.amazonaws.com/codioful-formerly-gradienta-JehF_vdbUo4-unsplash.jpg', 'https://forum-category-banners.s3.us-east-1.amazonaws.com/hannah-montez-2VslRz5G8fo-unsplash.jpg', 50, 1, CURRENT_TIMESTAMP, CURRENT_TIMESTAMP),
    (5, 'Art', 'art', 'PUBLIC', 'EVERYONE', 'Discussing various forms of art and creativity.', 'https://forum-category-banners.s3.us-east-1.amazonaws.com/hannah-montez-05KFkDsxDjk-unsplash.jpg', 'https://forum-category-banners.s3.us-east-1.amazonaws.com/5929141_avatar_dizziness_man_sick_icon.png', 150, 2, CURRENT_TIMESTAMP, CURRENT_TIMESTAMP),
    (6, 'Music', 'music', 'PUBLIC', 'EVERYONE', 'For lovers of all genres of music.', 'https://forum-category-banners.s3.us-east-1.amazonaws.com/codioful-formerly-gradienta-JehF_vdbUo4-unsplash.jpg', 'https://forum-category-banners.s3.us-east-1.amazonaws.com/19444b9f-36ba-486a-bbc3-f98f1b88680c', 180, 1, CURRENT_TIMESTAMP, CURRENT_TIMESTAMP),
    (7, 'Movies & TV', 'movies-tv', 'PUBLIC', 'EVERYONE', 'Talk about the latest films and television shows.', 'https://forum-category-banners.s3.us-east-1.amazonaws.com/lucas-k-wQLAGv4_OYs-unsplash.jpg', 'https://forum-category-banners.s3.us-east-1.amazonaws.com/3075534d-7162-4a6b-846a-9b485c7dbe7a', 220, 2, CURRENT_TIMESTAMP, CURRENT_TIMESTAMP),
    (8, 'Books', 'books', 'PUBLIC', 'EVERYONE', 'Discuss your favorite books and authors.', 'https://forum-category-banners.s3.us-east-1.amazonaws.com/pexels-magda-ehlers-pexels-960137.jpg', 'https://forum-category-banners.s3.us-east-1.amazonaws.com/5929160_avatar_doctor_hospital_man_medical_icon.png', 110, 1, CURRENT_TIMESTAMP, CURRENT_TIMESTAMP),
    (9, 'Food & Cooking', 'food-cooking', 'PUBLIC', 'EVERYONE', 'Share recipes, tips, and food experiences.', 'https://forum-category-banners.s3.us-east-1.amazonaws.com/a127eaa2-0dc1-4045-b44d-849413f0b849', 'https://forum-category-banners.s3.us-east-1.amazonaws.com/will-turner-KPCXuBucEps-unsplash.jpg', 190, 2, CURRENT_TIMESTAMP, CURRENT_TIMESTAMP),
    (10, 'Travel', 'travel', 'PUBLIC', 'EVERYONE', 'Share travel stories, tips, and destinations.', 'https://forum-category-banners.s3.us-east-1.amazonaws.com/tianshu-liu-aqZ3UAjs_M4-unsplash.jpg', 'https://forum-category-banners.s3.us-east-1.amazonaws.com/hannah-montez-2VslRz5G8fo-unsplash.jpg', 160, 1, CURRENT_TIMESTAMP, CURRENT_TIMESTAMP),
    (11, 'Sports', 'sports', 'PUBLIC', 'EVERYONE', 'Discuss all kinds of sports.', 'https://forum-category-banners.s3.us-east-1.amazonaws.com/steve-doig-gVNENglHe0g-unsplash.jpg', 'https://forum-category-banners.s3.us-east-1.amazonaws.com/codioful-formerly-gradienta-rKv4HduvzIE-unsplash.jpg', 250, 2, CURRENT_TIMESTAMP, CURRENT_TIMESTAMP),
    (12, 'Health & Fitness', 'health-fitness', 'PRIVATE', 'MODS_ONLY', 'A private space for health enthusiasts.', 'https://forum-category-banners.s3.us-east-1.amazonaws.com/codioful-formerly-gradienta-rKv4HduvzIE-unsplash.jpg', 'https://forum-category-banners.s3.us-east-1.amazonaws.com/lucas-k-wQLAGv4_OYs-unsplash.jpg', 80, 1, CURRENT_TIMESTAMP, CURRENT_TIMESTAMP);


-- Add category_follows entries for various users across categories
INSERT INTO category_follows (category_id, user_id, followed_at, updated_at, notification_enabled) VALUES
                                                                                                       (1, 1, CURRENT_TIMESTAMP, CURRENT_TIMESTAMP, true), (3, 1, CURRENT_TIMESTAMP, CURRENT_TIMESTAMP, true), (4, 1, CURRENT_TIMESTAMP, CURRENT_TIMESTAMP, true), (6, 1, CURRENT_TIMESTAMP, CURRENT_TIMESTAMP, true), (8, 1, CURRENT_TIMESTAMP, CURRENT_TIMESTAMP, true), (10, 1, CURRENT_TIMESTAMP, CURRENT_TIMESTAMP, true), (12, 1, CURRENT_TIMESTAMP, CURRENT_TIMESTAMP, true), -- User 1 follows his categories
                                                                                                       (2, 2, CURRENT_TIMESTAMP, CURRENT_TIMESTAMP, true), (5, 2, CURRENT_TIMESTAMP, CURRENT_TIMESTAMP, true), (7, 2, CURRENT_TIMESTAMP, CURRENT_TIMESTAMP, true), (9, 2, CURRENT_TIMESTAMP, CURRENT_TIMESTAMP, true), (11, 2, CURRENT_TIMESTAMP, CURRENT_TIMESTAMP, true), -- User 2 follows his categories
                                                                                                       (1, 3, CURRENT_TIMESTAMP, CURRENT_TIMESTAMP, true), (2, 3, CURRENT_TIMESTAMP, CURRENT_TIMESTAMP, true), (5, 3, CURRENT_TIMESTAMP, CURRENT_TIMESTAMP, true), -- User 3 follows some
                                                                                                       (1, 4, CURRENT_TIMESTAMP, CURRENT_TIMESTAMP, true), (2, 4, CURRENT_TIMESTAMP, CURRENT_TIMESTAMP, true), -- User 4 follows Tech, Gaming
                                                                                                       (3, 5, CURRENT_TIMESTAMP, CURRENT_TIMESTAMP, true), (5, 5, CURRENT_TIMESTAMP, CURRENT_TIMESTAMP, true), -- User 5 follows Science, Art
                                                                                                       (6, 6, CURRENT_TIMESTAMP, CURRENT_TIMESTAMP, true), (7, 6, CURRENT_TIMESTAMP, CURRENT_TIMESTAMP, true), -- User 6 follows Music, Movies & TV
                                                                                                       (8, 7, CURRENT_TIMESTAMP, CURRENT_TIMESTAMP, true), (9, 7, CURRENT_TIMESTAMP, CURRENT_TIMESTAMP, true), -- User 7 follows Books, Food & Cooking
                                                                                                       (10, 8, CURRENT_TIMESTAMP, CURRENT_TIMESTAMP, true), (11, 8, CURRENT_TIMESTAMP, CURRENT_TIMESTAMP, true), -- User 8 follows Travel, Sports
                                                                                                       (12, 9, CURRENT_TIMESTAMP, CURRENT_TIMESTAMP, true), (1, 9, CURRENT_TIMESTAMP, CURRENT_TIMESTAMP, true), -- User 9 follows Health & Fitness, Tech
                                                                                                       (2, 10, CURRENT_TIMESTAMP, CURRENT_TIMESTAMP, true), (3, 10, CURRENT_TIMESTAMP, CURRENT_TIMESTAMP, true), -- User 10 follows Gaming, Science
                                                                                                       (5, 11, CURRENT_TIMESTAMP, CURRENT_TIMESTAMP, true), (6, 11, CURRENT_TIMESTAMP, CURRENT_TIMESTAMP, true), -- User 11 follows Art, Music
                                                                                                       (7, 12, CURRENT_TIMESTAMP, CURRENT_TIMESTAMP, true), (8, 12, CURRENT_TIMESTAMP, CURRENT_TIMESTAMP, true), -- User 12 follows Movies & TV, Books
                                                                                                       (9, 13, CURRENT_TIMESTAMP, CURRENT_TIMESTAMP, true), (10, 13, CURRENT_TIMESTAMP, CURRENT_TIMESTAMP, true), -- User 13 follows Food & Cooking, Travel
                                                                                                       -- Add follows for new users 14-100 (distributing across categories)
                                                                                                       (1, 14, CURRENT_TIMESTAMP, CURRENT_TIMESTAMP, true), (4, 14, CURRENT_TIMESTAMP, CURRENT_TIMESTAMP, true), -- user 14 follows Tech, Programming
                                                                                                       (2, 15, CURRENT_TIMESTAMP, CURRENT_TIMESTAMP, true), (7, 15, CURRENT_TIMESTAMP, CURRENT_TIMESTAMP, true), -- user 15 follows Gaming, Movies & TV
                                                                                                       (3, 16, CURRENT_TIMESTAMP, CURRENT_TIMESTAMP, true), (8, 16, CURRENT_TIMESTAMP, CURRENT_TIMESTAMP, true), -- user 16 follows Science, Books
                                                                                                       (5, 17, CURRENT_TIMESTAMP, CURRENT_TIMESTAMP, true), (10, 17, CURRENT_TIMESTAMP, CURRENT_TIMESTAMP, true), -- user 17 follows Art, Travel
                                                                                                       (6, 18, CURRENT_TIMESTAMP, CURRENT_TIMESTAMP, true), (11, 18, CURRENT_TIMESTAMP, CURRENT_TIMESTAMP, true), -- user 18 follows Music, Sports
                                                                                                       (9, 19, CURRENT_TIMESTAMP, CURRENT_TIMESTAMP, true), (12, 19, CURRENT_TIMESTAMP, CURRENT_TIMESTAMP, true), -- user 19 follows Food & Cooking, Health & Fitness
                                                                                                       (1, 20, CURRENT_TIMESTAMP, CURRENT_TIMESTAMP, true), (2, 20, CURRENT_TIMESTAMP, CURRENT_TIMESTAMP, true), (3, 20, CURRENT_TIMESTAMP, CURRENT_TIMESTAMP, true), -- user 20 follows 3 categories
                                                                                                       (4, 21, CURRENT_TIMESTAMP, CURRENT_TIMESTAMP, true), (5, 21, CURRENT_TIMESTAMP, CURRENT_TIMESTAMP, true), (6, 21, CURRENT_TIMESTAMP, CURRENT_TIMESTAMP, true), -- user 21 follows 3 categories
                                                                                                       (7, 22, CURRENT_TIMESTAMP, CURRENT_TIMESTAMP, true), (8, 22, CURRENT_TIMESTAMP, CURRENT_TIMESTAMP, true), (9, 22, CURRENT_TIMESTAMP, CURRENT_TIMESTAMP, true), -- user 22 follows 3 categories
                                                                                                       (10, 23, CURRENT_TIMESTAMP, CURRENT_TIMESTAMP, true), (11, 23, CURRENT_TIMESTAMP, CURRENT_TIMESTAMP, true), (12, 23, CURRENT_TIMESTAMP, CURRENT_TIMESTAMP, true), -- user 23 follows 3 categories
                                                                                                       -- More follows for users 24-100 (random distribution)
                                                                                                       (1, 24, CURRENT_TIMESTAMP, CURRENT_TIMESTAMP, true), (2, 24, CURRENT_TIMESTAMP, CURRENT_TIMESTAMP, true),
                                                                                                       (3, 25, CURRENT_TIMESTAMP, CURRENT_TIMESTAMP, true), (5, 25, CURRENT_TIMESTAMP, CURRENT_TIMESTAMP, true),
                                                                                                       (6, 26, CURRENT_TIMESTAMP, CURRENT_TIMESTAMP, true), (4, 26, CURRENT_TIMESTAMP, CURRENT_TIMESTAMP, true),
                                                                                                       (7, 27, CURRENT_TIMESTAMP, CURRENT_TIMESTAMP, true), (8, 27, CURRENT_TIMESTAMP, CURRENT_TIMESTAMP, true),
                                                                                                       (9, 28, CURRENT_TIMESTAMP, CURRENT_TIMESTAMP, true), (10, 28, CURRENT_TIMESTAMP, CURRENT_TIMESTAMP, true),
                                                                                                       (11, 29, CURRENT_TIMESTAMP, CURRENT_TIMESTAMP, true), (12, 29, CURRENT_TIMESTAMP, CURRENT_TIMESTAMP, true),
                                                                                                       (1, 30, CURRENT_TIMESTAMP, CURRENT_TIMESTAMP, true), (4, 30, CURRENT_TIMESTAMP, CURRENT_TIMESTAMP, true),
                                                                                                       (5, 31, CURRENT_TIMESTAMP, CURRENT_TIMESTAMP, true), (3, 31, CURRENT_TIMESTAMP, CURRENT_TIMESTAMP, true),
                                                                                                       (6, 32, CURRENT_TIMESTAMP, CURRENT_TIMESTAMP, true), (7, 32, CURRENT_TIMESTAMP, CURRENT_TIMESTAMP, true),
                                                                                                       (8, 33, CURRENT_TIMESTAMP, CURRENT_TIMESTAMP, true), (9, 33, CURRENT_TIMESTAMP, CURRENT_TIMESTAMP, true),
                                                                                                       (10, 34, CURRENT_TIMESTAMP, CURRENT_TIMESTAMP, true), (11, 34, CURRENT_TIMESTAMP, CURRENT_TIMESTAMP, true),
                                                                                                       (12, 35, CURRENT_TIMESTAMP, CURRENT_TIMESTAMP, true), (1, 35, CURRENT_TIMESTAMP, CURRENT_TIMESTAMP, true),
                                                                                                       (2, 36, CURRENT_TIMESTAMP, CURRENT_TIMESTAMP, true), (3, 36, CURRENT_TIMESTAMP, CURRENT_TIMESTAMP, true),
                                                                                                       (4, 37, CURRENT_TIMESTAMP, CURRENT_TIMESTAMP, true), (5, 37, CURRENT_TIMESTAMP, CURRENT_TIMESTAMP, true),
                                                                                                       (6, 38, CURRENT_TIMESTAMP, CURRENT_TIMESTAMP, true), (7, 38, CURRENT_TIMESTAMP, CURRENT_TIMESTAMP, true),
                                                                                                       (8, 39, CURRENT_TIMESTAMP, CURRENT_TIMESTAMP, true), (9, 39, CURRENT_TIMESTAMP, CURRENT_TIMESTAMP, true),
                                                                                                       (10, 40, CURRENT_TIMESTAMP, CURRENT_TIMESTAMP, true), (11, 40, CURRENT_TIMESTAMP, CURRENT_TIMESTAMP, true),
                                                                                                       (12, 41, CURRENT_TIMESTAMP, CURRENT_TIMESTAMP, true), (1, 41, CURRENT_TIMESTAMP, CURRENT_TIMESTAMP, true),
                                                                                                       (2, 42, CURRENT_TIMESTAMP, CURRENT_TIMESTAMP, true), (3, 42, CURRENT_TIMESTAMP, CURRENT_TIMESTAMP, true),
                                                                                                       (4, 43, CURRENT_TIMESTAMP, CURRENT_TIMESTAMP, true), (5, 43, CURRENT_TIMESTAMP, CURRENT_TIMESTAMP, true),
                                                                                                       (6, 44, CURRENT_TIMESTAMP, CURRENT_TIMESTAMP, true), (7, 44, CURRENT_TIMESTAMP, CURRENT_TIMESTAMP, true),
                                                                                                       (8, 45, CURRENT_TIMESTAMP, CURRENT_TIMESTAMP, true), (9, 45, CURRENT_TIMESTAMP, CURRENT_TIMESTAMP, true),
                                                                                                       (10, 46, CURRENT_TIMESTAMP, CURRENT_TIMESTAMP, true), (11, 46, CURRENT_TIMESTAMP, CURRENT_TIMESTAMP, true),
                                                                                                       (12, 47, CURRENT_TIMESTAMP, CURRENT_TIMESTAMP, true), (1, 47, CURRENT_TIMESTAMP, CURRENT_TIMESTAMP, true),
                                                                                                       (2, 48, CURRENT_TIMESTAMP, CURRENT_TIMESTAMP, true), (3, 48, CURRENT_TIMESTAMP, CURRENT_TIMESTAMP, true),
                                                                                                       (4, 49, CURRENT_TIMESTAMP, CURRENT_TIMESTAMP, true), (5, 49, CURRENT_TIMESTAMP, CURRENT_TIMESTAMP, true),
                                                                                                       (6, 50, CURRENT_TIMESTAMP, CURRENT_TIMESTAMP, true), (7, 50, CURRENT_TIMESTAMP, CURRENT_TIMESTAMP, true),
                                                                                                       (8, 51, CURRENT_TIMESTAMP, CURRENT_TIMESTAMP, true), (9, 51, CURRENT_TIMESTAMP, CURRENT_TIMESTAMP, true),
                                                                                                       (10, 52, CURRENT_TIMESTAMP, CURRENT_TIMESTAMP, true), (11, 52, CURRENT_TIMESTAMP, CURRENT_TIMESTAMP, true),
                                                                                                       (12, 53, CURRENT_TIMESTAMP, CURRENT_TIMESTAMP, true), (1, 53, CURRENT_TIMESTAMP, CURRENT_TIMESTAMP, true),
                                                                                                       (2, 54, CURRENT_TIMESTAMP, CURRENT_TIMESTAMP, true), (3, 54, CURRENT_TIMESTAMP, CURRENT_TIMESTAMP, true),
                                                                                                       (4, 55, CURRENT_TIMESTAMP, CURRENT_TIMESTAMP, true), (5, 55, CURRENT_TIMESTAMP, CURRENT_TIMESTAMP, true),
                                                                                                       (6, 56, CURRENT_TIMESTAMP, CURRENT_TIMESTAMP, true), (7, 56, CURRENT_TIMESTAMP, CURRENT_TIMESTAMP, true),
                                                                                                       (8, 57, CURRENT_TIMESTAMP, CURRENT_TIMESTAMP, true), (9, 57, CURRENT_TIMESTAMP, CURRENT_TIMESTAMP, true),
                                                                                                       (10, 58, CURRENT_TIMESTAMP, CURRENT_TIMESTAMP, true), (11, 58, CURRENT_TIMESTAMP, CURRENT_TIMESTAMP, true),
                                                                                                       (12, 59, CURRENT_TIMESTAMP, CURRENT_TIMESTAMP, true), (1, 59, CURRENT_TIMESTAMP, CURRENT_TIMESTAMP, true),
                                                                                                       (2, 60, CURRENT_TIMESTAMP, CURRENT_TIMESTAMP, true), (3, 60, CURRENT_TIMESTAMP, CURRENT_TIMESTAMP, true),
                                                                                                       (4, 61, CURRENT_TIMESTAMP, CURRENT_TIMESTAMP, true), (5, 61, CURRENT_TIMESTAMP, CURRENT_TIMESTAMP, true),
                                                                                                       (6, 62, CURRENT_TIMESTAMP, CURRENT_TIMESTAMP, true), (7, 62, CURRENT_TIMESTAMP, CURRENT_TIMESTAMP, true),
                                                                                                       (8, 63, CURRENT_TIMESTAMP, CURRENT_TIMESTAMP, true), (9, 63, CURRENT_TIMESTAMP, CURRENT_TIMESTAMP, true),
                                                                                                       (10, 64, CURRENT_TIMESTAMP, CURRENT_TIMESTAMP, true), (11, 64, CURRENT_TIMESTAMP, CURRENT_TIMESTAMP, true),
                                                                                                       (12, 65, CURRENT_TIMESTAMP, CURRENT_TIMESTAMP, true), (1, 65, CURRENT_TIMESTAMP, CURRENT_TIMESTAMP, true),
                                                                                                       (2, 66, CURRENT_TIMESTAMP, CURRENT_TIMESTAMP, true), (3, 66, CURRENT_TIMESTAMP, CURRENT_TIMESTAMP, true),
                                                                                                       (4, 67, CURRENT_TIMESTAMP, CURRENT_TIMESTAMP, true), (5, 67, CURRENT_TIMESTAMP, CURRENT_TIMESTAMP, true),
                                                                                                       (6, 68, CURRENT_TIMESTAMP, CURRENT_TIMESTAMP, true), (7, 68, CURRENT_TIMESTAMP, CURRENT_TIMESTAMP, true),
                                                                                                       (8, 69, CURRENT_TIMESTAMP, CURRENT_TIMESTAMP, true), (9, 69, CURRENT_TIMESTAMP, CURRENT_TIMESTAMP, true),
                                                                                                       (10, 70, CURRENT_TIMESTAMP, CURRENT_TIMESTAMP, true), (11, 70, CURRENT_TIMESTAMP, CURRENT_TIMESTAMP, true),
                                                                                                       (12, 71, CURRENT_TIMESTAMP, CURRENT_TIMESTAMP, true), (1, 71, CURRENT_TIMESTAMP, CURRENT_TIMESTAMP, true),
                                                                                                       (2, 72, CURRENT_TIMESTAMP, CURRENT_TIMESTAMP, true), (3, 72, CURRENT_TIMESTAMP, CURRENT_TIMESTAMP, true),
                                                                                                       (4, 73, CURRENT_TIMESTAMP, CURRENT_TIMESTAMP, true), (5, 73, CURRENT_TIMESTAMP, CURRENT_TIMESTAMP, true),
                                                                                                       (6, 74, CURRENT_TIMESTAMP, CURRENT_TIMESTAMP, true), (7, 74, CURRENT_TIMESTAMP, CURRENT_TIMESTAMP, true),
                                                                                                       (8, 75, CURRENT_TIMESTAMP, CURRENT_TIMESTAMP, true), (9, 75, CURRENT_TIMESTAMP, CURRENT_TIMESTAMP, true),
                                                                                                       (10, 76, CURRENT_TIMESTAMP, CURRENT_TIMESTAMP, true), (11, 76, CURRENT_TIMESTAMP, CURRENT_TIMESTAMP, true),
                                                                                                       (12, 77, CURRENT_TIMESTAMP, CURRENT_TIMESTAMP, true), (1, 77, CURRENT_TIMESTAMP, CURRENT_TIMESTAMP, true),
                                                                                                       (2, 78, CURRENT_TIMESTAMP, CURRENT_TIMESTAMP, true), (3, 78, CURRENT_TIMESTAMP, CURRENT_TIMESTAMP, true),
                                                                                                       (4, 79, CURRENT_TIMESTAMP, CURRENT_TIMESTAMP, true), (5, 79, CURRENT_TIMESTAMP, CURRENT_TIMESTAMP, true),
                                                                                                       (6, 80, CURRENT_TIMESTAMP, CURRENT_TIMESTAMP, true), (7, 80, CURRENT_TIMESTAMP, CURRENT_TIMESTAMP, true),
                                                                                                       (8, 81, CURRENT_TIMESTAMP, CURRENT_TIMESTAMP, true), (9, 81, CURRENT_TIMESTAMP, CURRENT_TIMESTAMP, true),
                                                                                                       (10, 82, CURRENT_TIMESTAMP, CURRENT_TIMESTAMP, true), (11, 82, CURRENT_TIMESTAMP, CURRENT_TIMESTAMP, true),
                                                                                                       (12, 83, CURRENT_TIMESTAMP, CURRENT_TIMESTAMP, true), (1, 83, CURRENT_TIMESTAMP, CURRENT_TIMESTAMP, true),
                                                                                                       (2, 84, CURRENT_TIMESTAMP, CURRENT_TIMESTAMP, true), (3, 84, CURRENT_TIMESTAMP, CURRENT_TIMESTAMP, true),
                                                                                                       (4, 85, CURRENT_TIMESTAMP, CURRENT_TIMESTAMP, true), (5, 85, CURRENT_TIMESTAMP, CURRENT_TIMESTAMP, true),
                                                                                                       (6, 86, CURRENT_TIMESTAMP, CURRENT_TIMESTAMP, true), (7, 86, CURRENT_TIMESTAMP, CURRENT_TIMESTAMP, true),
                                                                                                       (8, 87, CURRENT_TIMESTAMP, CURRENT_TIMESTAMP, true), (9, 87, CURRENT_TIMESTAMP, CURRENT_TIMESTAMP, true),
                                                                                                       (10, 88, CURRENT_TIMESTAMP, CURRENT_TIMESTAMP, true), (11, 88, CURRENT_TIMESTAMP, CURRENT_TIMESTAMP, true),
                                                                                                       (12, 89, CURRENT_TIMESTAMP, CURRENT_TIMESTAMP, true), (1, 89, CURRENT_TIMESTAMP, CURRENT_TIMESTAMP, true),
                                                                                                       (2, 90, CURRENT_TIMESTAMP, CURRENT_TIMESTAMP, true), (3, 90, CURRENT_TIMESTAMP, CURRENT_TIMESTAMP, true),
                                                                                                       (4, 91, CURRENT_TIMESTAMP, CURRENT_TIMESTAMP, true), (5, 91, CURRENT_TIMESTAMP, CURRENT_TIMESTAMP, true),
                                                                                                       (6, 92, CURRENT_TIMESTAMP, CURRENT_TIMESTAMP, true), (7, 92, CURRENT_TIMESTAMP, CURRENT_TIMESTAMP, true),
                                                                                                       (8, 93, CURRENT_TIMESTAMP, CURRENT_TIMESTAMP, true), (9, 93, CURRENT_TIMESTAMP, CURRENT_TIMESTAMP, true),
                                                                                                       (10, 94, CURRENT_TIMESTAMP, CURRENT_TIMESTAMP, true), (11, 94, CURRENT_TIMESTAMP, CURRENT_TIMESTAMP, true),
                                                                                                       (12, 95, CURRENT_TIMESTAMP, CURRENT_TIMESTAMP, true), (1, 95, CURRENT_TIMESTAMP, CURRENT_TIMESTAMP, true),
                                                                                                       (2, 96, CURRENT_TIMESTAMP, CURRENT_TIMESTAMP, true), (3, 96, CURRENT_TIMESTAMP, CURRENT_TIMESTAMP, true),
                                                                                                       (4, 97, CURRENT_TIMESTAMP, CURRENT_TIMESTAMP, true), (5, 97, CURRENT_TIMESTAMP, CURRENT_TIMESTAMP, true),
                                                                                                       (6, 98, CURRENT_TIMESTAMP, CURRENT_TIMESTAMP, true), (7, 98, CURRENT_TIMESTAMP, CURRENT_TIMESTAMP, true),
                                                                                                       (8, 99, CURRENT_TIMESTAMP, CURRENT_TIMESTAMP, true), (9, 99, CURRENT_TIMESTAMP, CURRENT_TIMESTAMP, true),
                                                                                                       (10, 100, CURRENT_TIMESTAMP, CURRENT_TIMESTAMP, true), (11, 100, CURRENT_TIMESTAMP, CURRENT_TIMESTAMP, true);


-- Add category_moderators entries
INSERT INTO category_moderators (user_id, category_id, role, assigned_at) VALUES
                                                                              (1, 1, 'OWNER', CURRENT_TIMESTAMP), (1, 1, 'MODERATOR', CURRENT_TIMESTAMP), -- User 1 owns/mods Technology
                                                                              (2, 2, 'OWNER', CURRENT_TIMESTAMP), (2, 2, 'MODERATOR', CURRENT_TIMESTAMP), -- User 2 owns/mods Gaming
                                                                              (1, 3, 'OWNER', CURRENT_TIMESTAMP), (1, 3, 'MODERATOR', CURRENT_TIMESTAMP), -- User 1 owns/mods Science
                                                                              (1, 4, 'OWNER', CURRENT_TIMESTAMP), (1, 4, 'MODERATOR', CURRENT_TIMESTAMP), -- User 1 owns/mods Programming
                                                                              (2, 5, 'OWNER', CURRENT_TIMESTAMP), (2, 5, 'MODERATOR', CURRENT_TIMESTAMP), -- User 2 owns/mods Art
                                                                              (1, 6, 'OWNER', CURRENT_TIMESTAMP), (1, 6, 'MODERATOR', CURRENT_TIMESTAMP), -- User 1 owns/mods Music
                                                                              (2, 7, 'OWNER', CURRENT_TIMESTAMP), (2, 7, 'MODERATOR', CURRENT_TIMESTAMP), -- User 2 owns/mods Movies & TV
                                                                              (1, 8, 'OWNER', CURRENT_TIMESTAMP), (1, 8, 'MODERATOR', CURRENT_TIMESTAMP), -- User 1 owns/mods Books
                                                                              (2, 9, 'OWNER', CURRENT_TIMESTAMP), (2, 9, 'MODERATOR', CURRENT_TIMESTAMP), -- User 2 owns/mods Food & Cooking
                                                                              (1, 10, 'OWNER', CURRENT_TIMESTAMP), (1, 10, 'MODERATOR', CURRENT_TIMESTAMP), -- User 1 owns/mods Travel
                                                                              (2, 11, 'OWNER', CURRENT_TIMESTAMP), (2, 11, 'MODERATOR', CURRENT_TIMESTAMP), -- User 2 owns/mods Sports
                                                                              (1, 12, 'OWNER', CURRENT_TIMESTAMP), (1, 12, 'MODERATOR', CURRENT_TIMESTAMP), -- User 1 owns/mods Health & Fitness
                                                                              -- Add MODERATOR role for some new users in various categories
                                                                              (14, 3, 'MODERATOR', CURRENT_TIMESTAMP),  -- user14 moderates Science
                                                                              (24, 2, 'MODERATOR', CURRENT_TIMESTAMP),  -- user24 moderates Gaming
                                                                              (35, 6, 'MODERATOR', CURRENT_TIMESTAMP),  -- user35 moderates Music
                                                                              (46, 8, 'MODERATOR', CURRENT_TIMESTAMP),  -- user46 moderates Books
                                                                              (57, 11, 'MODERATOR', CURRENT_TIMESTAMP), -- user57 moderates Sports
                                                                              (68, 12, 'MODERATOR', CURRENT_TIMESTAMP), -- user68 moderates Health & Fitness
                                                                              (79, 5, 'MODERATOR', CURRENT_TIMESTAMP),  -- user79 moderates Art
                                                                              (90, 7, 'MODERATOR', CURRENT_TIMESTAMP);  -- user90 moderates Movies & TV


INSERT INTO posts (title, body, comments_count, type, created_at, updated_at, user_id, category_id) VALUES
                                                                                                        ('Latest Breakthroughs in AI', 'Let''s discuss the recent advancements in Artificial Intelligence, especially in machine learning and neural networks.', 0, 'DISCUSSION', '2023-09-17 19:27:37', '2024-11-02 13:08:04', 1, 1),
                                                                                                        ('Review of the New Action RPG', 'Just finished playing the latest action RPG and wanted to share my thoughts. What did you guys think?', 0, 'DISCUSSION', '2025-01-28 09:20:43', '2025-01-28 15:44:28', 2, 2),
                                                                                                        ('The Physics Behind Black Holes', 'Trying to understand the complex physics involved in black holes. Any experts here?', 0, 'QUESTION', '2023-12-23 04:21:50', '2024-10-20 14:37:43', 3, 3),
                                                                                                        ('Best Practices for Python Development', 'Sharing some tips and tricks I''ve learned for writing clean and efficient Python code.', 0, 'DISCUSSION', '2023-12-10 17:04:40', '2024-10-23 06:10:29', 4, 4),
                                                                                                        ('Showcase Your Digital Art', 'Post your latest digital art creations here! Looking for inspiration.', 0, 'DISCUSSION', '2023-06-16 11:23:23', '2025-03-10 20:15:27', 5, 5),
                                                                                                        ('Favorite Albums of All Time', 'Let''s talk about those albums that never get old. What are your timeless classics?', 0, 'DISCUSSION', '2024-09-29 01:19:12', '2024-11-09 15:08:55', 6, 6),
                                                                                                        ('Upcoming Sci-Fi Movies', 'Excited about the new sci-fi releases? Which ones are you most looking forward to?', 0, 'DISCUSSION', '2024-07-13 13:03:25', '2025-01-09 01:00:45', 7, 7),
                                                                                                        ('Recommendations for Fantasy Novels', 'Looking for a new fantasy series to dive into. Any hidden gems?', 0, 'QUESTION', '2023-10-02 06:57:14', '2024-08-16 05:32:56', 8, 8),
                                                                                                        ('Easy Weeknight Dinner Recipes', 'Share your go-to recipes for quick and tasty dinners during the week.', 0, 'DISCUSSION', '2024-02-09 05:30:57', '2024-09-14 06:27:13', 9, 9),
                                                                                                        ('Backpacking Through Southeast Asia', 'Anyone planning a trip or have experiences to share about backpacking in Southeast Asia?', 0, 'DISCUSSION', '2023-07-12 16:23:25', '2024-03-18 15:49:10', 10, 10),
                                                                                                        ('Training for a Marathon', 'Tips, advice, and motivation needed for training for my first marathon!', 0, 'QUESTION', '2023-02-15 17:34:53', '2023-07-03 16:27:24', 11, 11),
                                                                                                        ('Mindfulness Techniques for Stress Reduction', 'Discussing effective mindfulness practices to help manage stress.', 0, 'DISCUSSION', '2024-06-02 18:36:06', '2024-07-23 15:32:15', 12, 12),
                                                                                                        ('Latest JavaScript Frameworks', 'What are your thoughts on the newest JavaScript frameworks and libraries?', 0, 'DISCUSSION', '2023-05-08 02:40:12', '2025-03-12 11:35:59', 13, 1),
                                                                                                        ('Best Indie Games of the Year', 'Highlighting some amazing independent games released recently.', 0, 'DISCUSSION', '2024-08-04 15:05:37', '2024-10-18 00:36:05', 1, 2),
                                                                                                        ('The Ethics of Gene Editing', 'A complex topic with many viewpoints. Let''s have a respectful discussion.', 0, 'DISCUSSION', '2024-03-24 18:19:49', '2024-09-17 21:05:20', 2, 3);


INSERT INTO posts (title, body, comments_count, type, created_at, updated_at, user_id, category_id) VALUES
                                                                                                        ('How do you stay productive while working remotely?', 'I recently transitioned to full-time remote work and I’m struggling to maintain focus. What routines or tools have worked best for you?', 0, 'QUESTION', '2025-03-15 05:49:52', '2025-04-01 15:25:56', 12, 3),
                                                                                                        ('The rise of AI: Threat or opportunity?', 'With AI tools becoming more integrated into everyday life, I’m curious about how people view their impact on jobs and creativity.', 0, 'DISCUSSION', '2025-04-12 15:48:27', '2025-04-14 13:13:21', 27, 4),
                                                                                                        ('What’s the best book you’ve read this year?', 'Looking to expand my reading list. I enjoy fiction, biographies, and anything with a strong narrative. Recommendations?', 0, 'QUESTION', '2025-04-12 13:47:59', '2025-04-18 02:16:15', 8, 2),
                                                                                                        ('Why learning to code changed my career path', 'Just wanted to share a bit about how picking up coding in my spare time led me to leave my sales job and land a dev role.', 0, 'DISCUSSION', '2025-03-29 14:25:13', '2025-04-11 12:51:53', 45, 1),
                                                                                                        ('Should universities rethink grading systems?', 'There’s growing debate around the effectiveness of traditional grading. Are alternative assessments the future of education?', 0, 'QUESTION', '2025-04-14 07:00:46', '2025-04-29 20:23:27', 33, 5),
                                                                                                        ('I quit social media for 30 days. Here’s what I learned.', 'As an experiment, I removed all social media apps from my phone for a month. The results surprised me more than I expected.', 0, 'DISCUSSION', '2025-03-16 03:02:34', '2025-03-19 08:42:22', 19, 6),
                                                                                                        ('How to deal with burnout in creative work?', 'I love what I do but lately I’ve felt completely drained and uninspired. How do you recharge your creative energy?', 0, 'QUESTION', '2025-03-20 20:50:15', '2025-04-27 22:50:36', 14, 2),
                                                                                                        ('Why community matters in online learning', 'As someone taking online courses, I’ve realized how important it is to have a support system or forum to discuss ideas.', 0, 'DISCUSSION', '2025-04-15 05:24:41', '2025-04-24 22:55:49', 22, 3),
                                                                                                        ('Is remote collaboration killing innovation?', 'Some argue that the lack of physical presence limits spontaneous idea generation. What do you think?', 0, 'QUESTION', '2025-04-25 03:10:13', '2025-04-27 04:41:29', 9, 4),
                                                                                                        ('My journey from beginner to full-stack developer', 'Two years ago I didn’t know how to write a line of code. Now I’ve built several web apps and just got hired. Here’s what helped me most.', 0, 'DISCUSSION', '2025-03-27 11:24:44', '2025-04-06 21:35:26', 41, 1);

INSERT INTO posts (title, body, comments_count, type, created_at, updated_at, user_id, category_id) VALUES
                                                                                                        ('How do I improve my time management skills?', 'Ive been struggling with time management recently. I often find myself procrastinating and not being able to focus on tasks for long. Any tips on how I can improve my time management and be more productive throughout the day?', 0, 'QUESTION', '2025-03-06 06:23:02', '2025-04-19 21:47:03', 1, 1),
                                                                                                        ('What are the best ways to stay motivated while working from home?', 'Working from home has its perks, but staying motivated is definitely a challenge. I tend to get distracted easily by household chores, social media, and other things. How do you manage to stay productive and focused while working from home?', 0, 'QUESTION', '2025-02-28 16:44:12', '2025-04-20 03:56:37', 2, 2),
                                                                                                        ('How to balance work and personal life in a remote job?', 'Ive recently started working remotely, and its been a challenge to find a balance between my work and personal life. The lines between the two seem to blur, and I end up working late into the evening. Any advice on how to create a clear boundary between work and personal time?', 0, 'QUESTION', '2025-02-19 08:29:18', '2025-03-25 23:51:18', 3, 3),
                                                                                                        ('Can anyone recommend a good book on productivity?', 'Ive been trying to read more about productivity to help me stay focused and organized. Does anyone have any recommendations for a good book on productivity or personal development? Something practical and easy to follow would be great!', 0, 'QUESTION', '2025-03-18 13:59:34', '2025-05-01 04:36:59', 4, 4),
                                                                                                        ('What are your thoughts on setting daily goals?', 'Ive been trying to set daily goals to stay on track and be more productive. However, I often feel overwhelmed by the number of things I need to do. How do you approach setting realistic and achievable daily goals?', 0, 'QUESTION', '2025-04-13 00:04:51', '2025-05-03 02:22:30', 5, 5),
                                                                                                        ('What is the best way to handle burnout at work?', 'Lately, Ive been feeling completely burnt out at work. The stress and long hours are starting to take a toll on my mental health. What are some strategies or tips to manage burnout and regain energy and motivation?', 0, 'QUESTION', '2025-04-21 06:45:45', '2025-04-29 22:46:27', 6, 6),
                                                                                                        ('How do you avoid distractions when working on a project?', 'Im currently working on a large project, but I keep getting distracted by things around me. Whether its checking social media or getting up to do other things, I cant seem to stay focused. Any tips for minimizing distractions and staying on task?', 0, 'QUESTION', '2025-03-04 01:11:07', '2025-04-27 00:10:12', 7, 7),
                                                                                                        ('How do you deal with procrastination?', 'I tend to procrastinate a lot, especially when it comes to tasks that seem overwhelming or boring. Its becoming a habit, and I want to break it. What are some effective strategies to overcome procrastination and get things done on time?', 0, 'QUESTION', '2025-03-15 15:15:13', '2025-03-28 14:09:56', 8, 8),
                                                                                                        ('What is the most productive time of day for you?', 'Ive heard that some people are more productive in the morning, while others do their best work in the afternoon or evening. When is the best time of day for you to be most productive, and do you have any tips for optimizing your workflow during that time?', 0, 'QUESTION', '2025-02-09 00:28:38', '2025-02-10 14:43:22', 9, 9),
                                                                                                        ('How do you maintain a healthy work-life balance?', 'Finding a healthy work-life balance has always been a challenge for me. I often end up working overtime, which leaves little time for relaxation or personal activities. How do you make sure to prioritize both work and personal time?', 0, 'QUESTION', '2025-02-07 16:24:19', '2025-02-16 20:36:01', 10, 10);

INSERT INTO posts (title, body, comments_count, type, created_at, updated_at, user_id, category_id) VALUES
                                                                                                        ('The importance of setting boundaries in a remote job', 'In remote work environments, setting boundaries can be challenging. Often, the line between personal time and work time becomes blurry, leading to burnout and stress. I believe its crucial to set clear boundaries with both yourself and your colleagues. What are some of the boundaries youve set to protect your work-life balance?', 0, 'DISCUSSION', '2025-03-31 07:04:56', '2025-04-16 14:15:40', 11, 1),
                                                                                                        ('How do you deal with unexpected changes in plans?', 'Its frustrating when plans change unexpectedly. Whether its a last-minute work deadline or a personal issue, it can throw off your whole schedule. Ive been trying to adjust better to these changes and not let them ruin my day. How do you handle unexpected changes or disruptions in your plans?', 0, 'DISCUSSION', '2025-03-20 23:53:29', '2025-04-15 12:51:48', 12, 2),
                                                                                                        ('Tips for improving productivity during meetings', 'Meetings can often feel like a waste of time, especially when they run too long or lack focus. Ive started using a few strategies to make meetings more productive, like setting clear agendas and keeping track of time. How do you ensure meetings stay focused and efficient?', 0, 'DISCUSSION', '2025-02-26 22:22:18', '2025-03-20 23:27:56', 13, 3),
                                                                                                        ('How to manage multiple projects at once?', 'Handling multiple projects simultaneously can be stressful, but its often part of the job. Ive been using a project management tool to stay organized, but its still tough to juggle everything. What techniques or tools do you use to manage multiple projects and stay on top of deadlines?', 0, 'DISCUSSION', '2025-03-21 08:11:42', '2025-04-07 03:41:18', 14, 4),
                                                                                                        ('How do you prioritize tasks effectively?', 'I often struggle with knowing what tasks to prioritize, especially when everything seems urgent. Ive tried using to-do lists and scheduling, but its still difficult to know where to start. What methods or systems do you use to prioritize your daily tasks?', 0, 'DISCUSSION', '2025-05-06 02:24:12', '2025-05-07 10:37:28', 15, 5),
                                                                                                        ('The role of mindfulness in staying productive', 'I recently started practicing mindfulness techniques, and Ive noticed a positive impact on my ability to stay focused and productive. By taking short breaks to refocus and breathe, I feel more energized throughout the day. Has mindfulness played a role in your productivity? If so, how do you incorporate it into your routine?', 0, 'DISCUSSION', '2025-04-29 19:15:28', '2025-05-02 11:20:11', 16, 6),
                                                                                                        ('Do you think multitasking is effective?', 'Ive heard mixed opinions about multitasking. Some believe it helps get more done in less time, while others argue it leads to decreased quality and focus. Personally, I feel like multitasking doesnt always work well for me. What are your thoughts on multitasking? Do you find it effective?', 0, 'DISCUSSION', '2025-04-20 09:29:44', '2025-05-04 05:08:01', 17, 7),
                                                                                                        ('How to stay motivated during long-term projects', 'Long-term projects can feel overwhelming, especially when the end goal is far off. I often lose motivation and struggle to keep my energy up over time. Ive tried breaking the project into smaller goals, but its still tough. How do you stay motivated when working on something that takes months or years to complete?', 0, 'DISCUSSION', '2025-04-25 20:25:33', '2025-04-28 11:15:59', 18, 8),
                                                                                                        ('The impact of physical health on productivity', 'Ive started paying more attention to my physical health lately, and Ive noticed it has a direct impact on my productivity. Regular exercise and eating healthy seem to give me more energy and focus throughout the day. How do you feel your physical health affects your work and productivity?', 0, 'DISCUSSION', '2025-02-25 05:21:42', '2025-05-06 11:59:42', 19, 9),
                                                                                                        ('How do you handle criticism at work?', 'Receiving criticism can be tough, but I try to view it as an opportunity for growth. Its not always easy, though, and I often feel defensive. How do you cope with constructive criticism? Do you have any strategies for accepting feedback and improving?', 0, 'DISCUSSION', '2025-04-12 09:30:25', '2025-04-22 11:59:52', 20, 10);
INSERT INTO posts (title, body, comments_count, type, created_at, updated_at, user_id, category_id) VALUES
                                                                                                        ('How to deal with procrastination in a remote job', 'Procrastination seems to be a bigger issue when working remotely. Without the structure of an office, its easy to get distracted. Ive been trying to break tasks into smaller chunks and give myself rewards when completing them. What strategies do you use to combat procrastination while working from home?', 0, 'DISCUSSION', '2025-04-12 15:16:32', '2025-05-03 06:59:55', 21, 1),
                                                                                                        ('The importance of setting boundaries with clients', 'When working with clients, its easy to blur the line between professional and personal time. Ive learned the hard way that setting clear boundaries is crucial for maintaining my work-life balance. How do you manage client expectations and ensure boundaries are respected?', 0, 'DISCUSSION', '2025-01-09 13:13:52', '2025-01-17 09:13:27', 22, 2),
                                                                                                        ('How do you overcome writer''s block?', 'As a writer, I often face the dreaded writer''s block. It feels frustrating when I know what I want to write, but the words just wont come out. Ive found that taking short breaks and letting my mind wander helps. What strategies do you use to overcome writer''s block?', 0, 'DISCUSSION', '2025-04-28 02:24:50', '2025-05-04 20:40:13', 23, 3),
                                                                                                        ('Best practices for maintaining a healthy work-life balance', 'Maintaining a work-life balance is something I constantly struggle with. Between work, personal life, and everything else, it feels like theres always something demanding my attention. How do you make sure to carve out time for yourself, especially when things get hectic?', 0, 'DISCUSSION', '2025-03-05 15:31:39', '2025-03-25 19:01:46', 24, 4),
                                                                                                        ('What''s your approach to handling difficult colleagues?', 'I think everyone has encountered difficult colleagues at some point. Whether its a lack of communication or conflicting work styles, it can really impact productivity. I try to address the issue directly and professionally. How do you handle difficult colleagues at work?', 0, 'DISCUSSION', '2025-02-17 06:26:14', '2025-03-29 22:20:40', 25, 5),
                                                                                                        ('The impact of a clean workspace on productivity', 'Ive noticed that a cluttered workspace can make it difficult to focus. Ive been working on keeping my desk tidy, and I feel like its helped improve my productivity. Do you believe a clean workspace impacts your work? How do you keep your workspace organized?', 0, 'DISCUSSION', '2025-01-17 11:32:44', '2025-02-03 12:15:32', 26, 6),
                                                                                                        ('How do you stay organized when juggling many tasks?', 'I find it hard to stay on top of everything when I have multiple tasks to manage. I use apps and to-do lists to track everything, but it still feels overwhelming at times. What methods or tools do you use to stay organized and ensure nothing falls through the cracks?', 0, 'DISCUSSION', '2025-03-28 14:12:57', '2025-04-21 16:56:03', 27, 7),
                                                                                                        ('How do you handle stress during high-pressure projects?', 'Stress can be overwhelming when working on high-pressure projects, and sometimes it feels like there’s no time to relax. I try to break the project into smaller tasks and take breaks, but it’s still challenging. How do you manage stress during these types of projects?', 0, 'DISCUSSION', '2025-01-08 00:25:18', '2025-01-28 11:49:09', 28, 8),
                                                                                                        ('The role of feedback in professional growth', 'Feedback is essential for growth, but it can sometimes be difficult to accept, especially if it''s critical. Ive learned to take a step back and view feedback as an opportunity to improve. How do you handle feedback in your career? Do you find it helpful?', 0, 'DISCUSSION', '2025-01-14 19:13:42', '2025-03-21 18:49:41', 29, 9),
                                                                                                        ('How do you stay motivated during routine tasks?', 'Sometimes the most routine tasks can feel monotonous and demotivating. I try to remind myself of the bigger picture and how even the smallest task can make a difference. What strategies do you use to stay motivated during routine or repetitive tasks?', 0, 'DISCUSSION', '2025-04-05 15:02:35', '2025-04-26 00:51:14', 30, 10);

INSERT INTO posts (title, body, comments_count, type, created_at, updated_at, user_id, category_id) VALUES
                                                                                                        ('How to break bad habits and form new ones', 'Breaking a bad habit and forming a new one can feel like an uphill battle. I’ve tried a few different strategies, such as tracking progress and rewarding myself when I achieve small milestones. Has anyone found success with any specific techniques or habits that helped them change their behavior for the better?', 0, 'DISCUSSION', '2025-01-11 05:31:46', '2025-02-05 08:20:14', 13, 3),
                                                                                                        ('The importance of time management in personal development', 'I’ve noticed that good time management is key to personal growth. I’ve been working on blocking out distractions and scheduling my day more effectively. What techniques do you use to manage your time and make room for self-improvement?', 0, 'DISCUSSION', '2025-02-07 16:48:13', '2025-04-16 08:31:17', 5, 6),
                                                                                                        ('How to stay motivated to learn new skills', 'Learning new skills can be tough, especially when life gets busy. I’ve been setting small goals to stay motivated, and it’s been helping me keep going. How do you stay motivated when learning something new, especially if it feels overwhelming?', 0, 'DISCUSSION', '2025-01-26 22:10:17', '2025-04-19 17:20:32', 14, 2),
                                                                                                        ('Is it possible to balance full-time work with side projects?', 'I’ve been thinking about taking on a side project while working full-time. I’m unsure how to balance the two and avoid burnout. If anyone has experience juggling both, I’d love to hear how you manage your time and energy effectively.', 0, 'DISCUSSION', '2025-01-03 02:29:24', '2025-01-03 08:02:42', 9, 4),
                                                                                                        ('How do you deal with failure in your career?', 'Failure can feel like a setback, but I’ve learned that it’s an opportunity for growth. I’ve tried to reframe failure as a learning experience, but it’s still tough sometimes. How do you deal with failure in your career and use it to improve yourself?', 0, 'DISCUSSION', '2025-04-18 04:38:34', '2025-04-26 22:27:49', 6, 1),
                                                                                                        ('What are your strategies for work-life integration?', 'Work-life integration seems like a more achievable goal than balance for me. I’ve been trying to mix personal activities with work, but it’s challenging to find a harmonious flow. What strategies do you use to integrate your personal and professional lives?', 0, 'DISCUSSION', '2025-02-22 15:15:08', '2025-03-12 18:19:00', 11, 3),
                                                                                                        ('How do you stay productive while working remotely?', 'Remote work offers great flexibility, but it can also lead to distractions and a lack of structure. I’ve found that having a set routine and dedicated workspace helps, but I’m curious to hear how others stay productive and motivated while working from home.', 0, 'DISCUSSION', '2025-03-24 05:22:50', '2025-04-16 19:43:21', 12, 2),
                                                                                                        ('The role of mentorship in career development', 'Having a mentor can make a huge difference in career development. I’ve been lucky to have a few mentors who guided me through key decisions. How has mentorship played a role in your career, and what qualities do you look for in a mentor?', 0, 'DISCUSSION', '2025-01-20 12:29:26', '2025-03-02 08:47:04', 4, 5),
                                                                                                        ('How do you handle burnout and prevent it from affecting your work?', 'Burnout is a real concern, especially in high-pressure environments. I’ve been trying to manage my workload better and take more breaks, but it’s still tough. What strategies do you use to avoid burnout and keep your work-life balance intact?', 0, 'DISCUSSION', '2025-04-01 00:46:12', '2025-04-03 04:39:59', 7, 6),
                                                                                                        ('What’s your experience with learning through online courses?', 'I’ve been taking a few online courses lately, but sometimes it’s hard to stay focused and motivated. I find that setting deadlines and engaging with a community helps, but I’m curious about how others approach learning through online platforms. What’s your experience with online education?', 0, 'DISCUSSION', '2025-01-19 10:50:28', '2025-04-12 02:39:34', 15, 8);



INSERT INTO posts (title, body, comments_count, type, created_at, updated_at, user_id, category_id) VALUES
                                                                                                        ('How to handle difficult conversations at work', 'Difficult conversations at work can be a challenge, especially when dealing with conflicts or misunderstandings. I try to stay calm and listen first, but it’s not always easy. What strategies do you use to navigate difficult conversations professionally and effectively?', 0, 'DISCUSSION', '2025-04-11 03:09:10', '2025-04-30 06:26:29', 16, 7),
                                                                                                        ('What’s the best way to ask for feedback from colleagues?', 'Asking for feedback can feel intimidating, but it’s important for growth. I try to approach it in a constructive way, focusing on areas where I want to improve. How do you ask for feedback, and how do you respond to it without feeling discouraged?', 0, 'DISCUSSION', '2025-04-04 07:48:53', '2025-05-07 06:22:17', 17, 5),
                                                                                                        ('How to develop a growth mindset in the workplace', 'A growth mindset has been essential in helping me overcome challenges at work. I try to embrace challenges and view failures as learning opportunities. What techniques have helped you develop a growth mindset, and how has it influenced your career?', 0, 'DISCUSSION', '2025-02-16 04:37:02', '2025-04-23 17:32:17', 18, 2),
                                                                                                        ('What are the key habits of successful entrepreneurs?', 'I’ve been reading about successful entrepreneurs and the habits that set them apart. Many recommend focusing on consistency, time management, and staying motivated. What habits do you think are essential for success in business and entrepreneurship?', 0, 'DISCUSSION', '2025-01-27 14:31:31', '2025-01-31 09:19:05', 3, 1),
                                                                                                        ('How to prioritize personal development alongside career goals', 'Balancing personal development with career growth is tough, but I try to make time for both. Whether it’s reading, learning new skills, or focusing on mental health, it’s important to invest in both. How do you balance personal development with your career goals?', 0, 'DISCUSSION', '2025-02-04 10:42:01', '2025-04-08 03:13:52', 9, 4),
                                                                                                        ('How do you keep yourself accountable to your goals?', 'Staying accountable to my goals is something I struggle with sometimes. I’ve started sharing my goals with others and tracking my progress regularly. How do you stay accountable to your personal and professional goals?', 0, 'DISCUSSION', '2025-04-28 15:46:04', '2025-05-03 04:50:56', 5, 6),
                                                                                                        ('What’s your approach to networking in your industry?', 'Networking can be daunting, but it’s crucial for career advancement. I try to attend industry events and stay connected with people on LinkedIn. How do you approach networking, and what’s worked best for you in building meaningful connections?', 0, 'DISCUSSION', '2025-03-12 04:26:11', '2025-04-10 16:22:39', 8, 5),
                                                                                                        ('How do you handle stress during tight deadlines?', 'Deadlines can create a lot of pressure, and stress often follows. I’ve been using techniques like deep breathing and breaking tasks into smaller pieces to manage stress. What do you do to stay calm and focused during high-pressure situations?', 0, 'DISCUSSION', '2025-03-27 21:28:12', '2025-04-24 21:49:16', 19, 3),
                                                                                                        ('The importance of self-reflection in personal growth', 'Self-reflection has been an important part of my growth journey. I try to take time each week to reflect on my progress, mistakes, and what I can do better. How does self-reflection play a role in your personal development?', 0, 'DISCUSSION', '2025-02-19 18:36:52', '2025-03-08 14:24:15', 2, 6),
                                                                                                        ('What’s your experience with setting and achieving long-term goals?', 'Long-term goals are important, but they can feel overwhelming. I try to break them down into smaller, more manageable tasks. What strategies do you use to stay motivated and on track with your long-term goals?', 0, 'DISCUSSION', '2025-03-27 03:53:56', '2025-05-05 05:28:41', 10, 7),
                                                                                                        ('How do you manage expectations in both work and life?', 'Managing expectations in both work and life can be difficult, especially when it feels like there’s too much on your plate. I’ve been practicing saying no and setting clearer boundaries. How do you handle managing expectations from others while still taking care of yourself?', 0, 'DISCUSSION', '2025-04-04 08:12:00', '2025-05-04 20:00:03', 6, 3),
                                                                                                        ('What are some effective strategies for problem-solving?', 'Problem-solving skills are essential in any profession. I try to approach challenges step-by-step and gather input from others. What problem-solving strategies have worked well for you in your career or personal life?', 0, 'DISCUSSION', '2025-01-27 18:47:32', '2025-03-27 13:02:19', 14, 5),
                                                                                                        ('How do you stay motivated when working on long-term projects?', 'Long-term projects can sometimes feel like a grind, and staying motivated is key. I break down tasks into smaller milestones and celebrate small wins. How do you keep yourself motivated over the long haul?', 0, 'DISCUSSION', '2025-01-15 10:15:22', '2025-04-04 22:03:11', 3, 8),
                                                                                                        ('What are your thoughts on work culture and its impact on productivity?', 'The culture of a workplace can really influence how productive employees are. I’ve been in environments where the culture is empowering, and others where it’s more stifling. What’s your experience with work culture, and how does it affect your productivity and motivation?', 0, 'DISCUSSION', '2025-01-28 13:02:47', '2025-02-14 09:15:34', 11, 4),
                                                                                                        ('How do you deal with uncertainty in your career?', 'Uncertainty can be nerve-wracking, but I try to embrace it as a part of the journey. I focus on what I can control and try not to dwell on things I can’t. How do you deal with career uncertainty, and what steps do you take to stay grounded?', 0, 'DISCUSSION', '2025-04-29 18:06:57', '2025-05-04 00:59:55', 15, 6),
                                                                                                        ('How do you maintain focus when multitasking?', 'Multitasking is a skill I’ve been working on, but it’s challenging to stay focused on multiple things at once. I try to prioritize tasks and focus on one thing at a time when possible. How do you handle multitasking without losing focus?', 0, 'DISCUSSION', '2025-03-06 06:36:25', '2025-04-21 22:54:39', 18, 2),
                                                                                                        ('What tools or apps help you stay organized and productive?', 'I’ve been using a variety of tools to stay organized, like to-do lists, calendars, and project management apps. I find that having everything in one place helps me stay focused and on track. What tools do you use to stay organized and productive?', 0, 'DISCUSSION', '2025-05-04 00:50:34', '2025-05-06 22:45:34', 7, 1),
                                                                                                        ('What’s your approach to taking risks in your career?', 'Taking risks is a natural part of career growth, but it can be daunting. I try to calculate the potential risks and rewards before making big decisions. How do you approach risk-taking, and what’s your strategy for managing uncertainty?', 0, 'DISCUSSION', '2025-04-09 07:52:39', '2025-04-25 09:26:19', 13, 7),
                                                                                                        ('How do you stay creative under pressure?', 'Creativity is something I try to cultivate, but working under pressure can sometimes stifle it. I try to take short breaks and allow my mind to wander. How do you stay creative when working on tight deadlines or high-pressure projects?', 0, 'DISCUSSION', '2025-04-25 21:19:56', '2025-04-30 06:58:57', 12, 5),
                                                                                                        ('What’s the most valuable lesson you’ve learned in your career?', 'There are so many lessons I’ve learned, but the most valuable one is the importance of perseverance. I’ve faced many setbacks, but I’ve always managed to keep going. What’s the most valuable lesson you’ve learned in your career, and how has it shaped your journey?', 0, 'DISCUSSION', '2025-01-17 16:34:39', '2025-04-21 09:15:12', 14, 8);